nDCG@5              ,nDCG@10             ,MRR                 ,model                          ,sample_num ,template_name ,tag
0.321120896442327   ,0.4464536877645949  ,0.3026190476190476  ,meta-llama/Llama-2-70b-chat-hf ,        10 ,            0 , 29
0.4342138717994728  ,0.499093692811379   ,0.3967857142857143  ,meta-llama/Llama-2-70b-chat-hf ,        10 ,            4 , 52
0.41418855224966633 ,0.4430950348814551  ,0.35500000000000004 ,meta-llama/Llama-2-70b-chat-hf ,        10 ,           50 , 26
0.5528738329731204  ,0.5528738329731204  ,0.43166666666666664 ,meta-llama/Llama-2-70b-chat-hf ,        10 ,            1 , 32
0.35980617716578117 ,0.39135266484435405 ,0.29109649122807013 ,meta-llama/Llama-2-70b-chat-hf ,        10 ,            2 , 410.20877301883326005,0.2634862803268463,0.18889969241285035,meta-llama/Llama-2-70b-chat-hf,100,2,0
