nDCG@5              ,nDCG@10             ,MRR                 ,model                          ,sample_num ,template_name ,tag
0.321120896442327   ,0.4464536877645949  ,0.3026190476190476  ,meta-llama/Llama-2-70b-chat-hf ,        10 ,            0 , 29
0.4342138717994728  ,0.499093692811379   ,0.3967857142857143  ,meta-llama/Llama-2-70b-chat-hf ,        10 ,            4 , 52
0.41418855224966633 ,0.4430950348814551  ,0.35500000000000004 ,meta-llama/Llama-2-70b-chat-hf ,        10 ,           50 , 26
0.5528738329731204  ,0.5528738329731204  ,0.43166666666666664 ,meta-llama/Llama-2-70b-chat-hf ,        10 ,            1 , 32
0.35980617716578117 ,0.39135266484435405 ,0.29109649122807013 ,meta-llama/Llama-2-70b-chat-hf ,        10 ,            2 , 41
0.36857092733355146,0.46464461635471527,0.3225,gpt-3.5-turbo,10,1,9
0.2904635368040541,0.4225105642053354,0.27928571428571425,gpt-4-1106-preview,10,1,19
0.19947641579540956,0.26362762322107386,0.18246414696414695,meta-llama/Llama-2-70b-chat-hf,100,base,53
