nDCG@5,nDCG@10,MRR,model,sample_num
0.26934264036172706,0.3654163293828909,0.2963095238095238,meta-llama/Llama-2-70b-chat-hf,10
