nDCG@5,nDCG@10,MRR,model,sample_num
0.13243561571887283,0.16253861528527097,0.11111111111111112,meta-llama/Llama-2-70b-chat-hf,10
