nDCG@5,nDCG@10,MRR,model,sample_num
0.3455285910760186,0.4375280490649532,0.31833333333333336,meta-llama/Llama-2-70b-chat-hf,10
