nDCG@5,nDCG@10,MRR,model,sample_num
0.42112089644232703,0.5161037170206313,0.3912301587301587,meta-llama/Llama-2-70b-chat-hf,10
