nDCG@5,nDCG@10,MRR,model,sample_num
0.2172631983488835,0.279579630751704,0.19554834054834058,meta-llama/Llama-2-70b-chat-hf,100
