nDCG@5,nDCG@10,MRR,model,sample_num
0.32550327152621217,0.41893695550059185,0.29934782608695654,meta-llama/Llama-2-70b-chat-hf,10
