nDCG@5,nDCG@10,MRR,model,sample_num
0.23781993653450173,0.32009969126305754,0.23962301587301585,meta-llama/Llama-2-70b-chat-hf,100
