nDCG@5,nDCG@10,MRR,model,sample_num
0.21105776116384978,0.2685591299372183,0.20039017999544315,meta-llama/Llama-2-70b-chat-hf,114
