nDCG@5,nDCG@10,MRR,model,sample_num
0.21857092733355143,0.21857092733355143,0.15,meta-llama/Llama-2-70b-chat-hf,10
