nDCG@5,nDCG@10,MRR,model,sample_num
0.30802792108518123,0.37026773705030336,0.26095238095238094,meta-llama/Llama-2-70b-chat-hf,10
