nDCG@5,nDCG@10,MRR,model,sample_num
0.5203491834141514,0.5203491834141514,0.42000000000000004,meta-llama/Llama-2-70b-chat-hf,10
